Website Name,Contact Page,Phone,Fax,Address,Address 2,City,State/Province,Zip/Postal Code,Email,Remarks,,
2ndaaa.com,https://www.2ndaaa.com/crm.asp?action=contactus,855-900-4867,N/A,1810 N FRY RD #1004,N/A,"Houston,",TX,77084,N/A,,,
Aaronarms.com,http://aaronarms.com/weapons/catalog/contact_us.php?osCsid=3124e9378cb16c829481a69e214bced6,540-287-3962,N/A,N/A,N/A,N/A,N/A,N/A,N/A,,,
Accutrition.com,http://www.accutrition.com/contacts,800-608-0803,N/A,99 Taunton Rd.,Suite 103,Medford,NJ ,8055,N/A,,,
Airsoftjunkiez.com,http://www.airsoftjunkiez.com/contact-us/,770.609.9685 ,N/A, 6180 Atlantic Blvd,N/A,Norcross,GA ,30071,Sales@airsoftjunkiez.com,,,
Airsoftmaster.com,http://www.airsoftmaster.com/contact-us,714-523-1323,N/A,7903 Knott Ave,N/A,Buena Park,CA ,90620,info@airsoftmaster.com,,,
Allstarhealth.com,http://www.allstarhealth.com/in.aspx,800-875-0448,N/A,5951 Skylab Road,N/A,Huntington Beach,CA ,92647,CustomerService@AllStarHealth.com,,,
Ammoandarmsstore.com,http://www.ammoandarmsstore.com/contact-us/,814-834-9318,N/A,246 Brussells St.,N/A,St. Marys,PA ,15857,info@ammoandarms.com,,,
Ammunitionjunction.com,N/A,N/A,N/A,N/A,N/A,Golden,CO,N/A,info@rojme.com,Contact Page Not Available,,
Arizonashootingrange.com,http://www.arizonashootingrange.com/contact/,954-735-8829,954-735-8526 / 954-335-1280,4325 N. State Road 7,N/A,Fort Lauderdale,FL ,33319,websales@arizonashootingrange.com,,,
Atlantictactical.com,http://www.atlantictactical.com/contact,800.781.2677,717-774-4463,772 Corporate Circle,N/A,New Cumberland,PA ,17070,N/A,,,
Autreys.com,http://www.autreys.com/contact-info/,770-719-2454,770-719-7554,116 Bethea Rd.  Suite 112,N/A,Fayetteville ,GA ,30214,FFL@autreys.com,,,
Bassandbucks.com,http://www.bassandbucks.com/contact-us/,(260)-569-1853,(260) 563-6694,5000 W. Millcreek Pike - Lot 1,N/A,Wabash,IN ,46992,info@bassandbucks.com,,,
BestPriceNutrition.com,http://www.bestpricenutrition.com/contacts/,(800) 499-4810,N/A,5 Earl Ct,Unit# 160,Woodridge,IL ,60517,info@bestpricenutrition.com,,,
Bhphotovideo.com,http://www.bhphotovideo.com/find/contactForm.jsp,800.606.6969,N/A,420 9th Ave,N/A,New York,NY ,10001,N/A,,,
Bigjsoutdoorstore.com,http://www.bigjsoutdoorstore.com/pages/Contact-Us.html,360-893-7900,N/A,107 Calistoga St W,N/A,Orting,WA ,98360,N/A,,,
Birminghampistol.com,http://www.birminghampistol.com/?page_id=29,205-655-7800,205-655-7808,6969 Gadsden Hwy,,Trussville,AL,35173,sales@birminghampistol.com,,,
Blackdiamondsupplements.com,http://www.blackdiamondsupplements.com/contact/,877-778-4761 ,N/A,N/A,PO Box 73185,Phoenix,AZ ,85050,info@blackdiamondsupplements.com,,,
Blueskyvitamin.com,http://blueskyvitamin.com/customer-service/contact-us.html,800-743-1406,612-354-8475,4266 Dahlberg Dr.,,Golden Valley,MN ,55422,customersupport@blueskyvitamin.com,,,
Bobsga.com,N/A,N/A,N/A,N/A,N/A,N/A,N/A,N/A,N/A,Website not working.,,
Bodybuilding.com,N/A,866-236-8417,N/A, 5777 N. Meeker Ave,N/A, Boise ,ID  ,83713,N/A,Contact Page Not Available,,
Botach.com,http://www.botach.com/contact-us/,888-344-5145,323/293-7770,3423 West 43rd Place ,N/A,Los Angeles,CA ,90008,sales@botach.com,,,
Bpoutfitters.net,https://bpoutfitters.3dcartstores.com/crm.asp?action=contactus,918-619-9990 ,N/A,3920 s Sheridan rd,N/A,TULSA,OK,74145,bpoutfitters@cox.net,,,
Brassstacker.com,https://brassstacker.com/help.php?section=contactus&mode=update,828-665-4427,828-665-7862,26 Charity Lane,N/A,Candler,NC,28715,N/A,,,
Cdnnsports.com,http://www.cdnnsports.com/contacts,800-588-9500,325-695-4898,N/A,N/A,N/A,N/A,N/A,sales@cdnnsports.com,,,
Cleansemart.com,http://www.cleansemart.com/contacts,314-260-1205,N/A,4451 shaw blvd,N/A,st. louis,MO,63110,N/A,,,
Cobratactical.com,http://www.cobratactical.com/Contact_ep_5.html,661-257-1406,661-257-0726,28910 Avenue Penn,Unit 210,Valencia,CA,91355,contact@cobratactical.com,,,
Continentalarms.com,http://www.continentalarms.com/contact-us/,(410) 560-3609,N/A,9603 Deereco Rd,N/A,Timonium,MD,N/A,N/A,,,
Cvs.com,http://www.cvs.com/help/help_contact_us.jsp,888-607-4287,N/A,N/A,N/A,N/A,N/A,N/A,N/A,,,
Ddsranch.com,http://ddsranch.com/contact.html,(716)937-7779,(716)937-3418,12120 Westwood Road,N/A,Alden,NY,14004,support@ddsranch.com,,,
Defenderoutdoors.com,http://www.defenderoutdoors.com/l-3-contact-us.aspx,877-300-5417,903-771-1114,14535 Industrial Park,N/A,Aubrey,TX ,76227,customerservice@defenderoutdoors.com,,,
Discountgunsonline.com,https://www.discountgunsonline.com/contact-us/,888-497-3118,918-517-3188,N/A,N/A,N/A,N/A,N/A,N/A,,,
Dkonatural.com,https://dkonatural.com/contactus.sc;jsessionid=FA7D549ECD54C2A3017098C294BEC1E0.m1plqscsfapp02,408-739-0739,N/A,1865 Blue Cloud St,N/A,Henderson,NV ,89002,sales@dkonatural.com,,,
Donshobbyguns.com,http://donshobbyguns.com/contact,308-234-6358 ,N/A,13 West Railroad Street,PO BOX 1659 ,Kearney ,NE,68848,sales@donshobbyguns.com,,,
Dpmsystemsusa.com,https://www.dpmsystemsusa.com/crm.asp?action=contactus,781-321-9899,N/A,29 Hunting Street,N/A,Malden,MA,02148,N/A,,,
Elkriveroutfitter.com,http://elkriveroutfitter.com/index.php?main_page=contact_us&zenid=a1966f23e98b61b50dcc7a28bf5ba4f6,N/A,N/A,N/A,N/A,N/A,N/A,N/A,N/A,,,
Erikabradshawmd.com,http://www.erikabradshawmd.com/Articles.asp?ID=240,(813) 810-1688,N/A,311 Noland Drive,N/A,Brandon,FL,33511,N/A,,,
Evitamins.com,http://www.evitamins.com/contact,(586) 731-6101,586-731-6191,51260 Danview Technology,N/A,Shelby Township,MI,48315,support@evitamins.com,,,
Expertnutrition.com,https://expertnutrition.com/cms/contact-us/#.VVRI_vAavAk,410-356-2169,410-356-4743,10210 South Dolfield Road ,N/A,Owings Mills,MD,21117,heidy@expertnutrition.com ,,,
Fallingskiescorp.com,http://fallingskiescorp.com/contact-us/,800-381-4717 ,512-782-0304 ,8708 S Congress,Suite B250 ,Austin,TX ,78745,Info@fallingskiescorp.com ,,,
Famousherbs.com,http://www.famousherbs.com/contact-us/,503-896-7400   ,N/A,4207 SE Woodstock Blvd.,Suite#502,Portland,OR ,97206 ,info@famousherbs.com,,,
Floridaarmory.com,http://www.floridaarmory.com/contact-us.html,(305) 207-1300,(305) 227-9918,8870-3 SW 40th Street,N/A,Miami,FL , 33165,floridaarmory@aol.com,,,
Forresthealth.com,https://www.forresthealth.com/contact-us/?,408-354-4262,N/A,430 Monterey Avenue,Suite 2,Los Gatos,CA  ,95030,N/A,,,
Freddiesnutrition.com,http://www.freddiesnutrition.com/contact-us.html,888-889-9444,N/A,9701 W Flamingo Rd,#2,Las Vegas,NV ,89147,info@freddiesnutrition.com,,,
Frostytactical.com,https://www.frostytactical.com/store/index.php?main_page=contact_us&zenid=282c9906b7b4df9c99cf21632ba275f5,919-443-5772,N/A,1428 Big Leaf Loop,N/A,Apex,NC , 27502,N/A,,,
Gaiaglobalwellness.com,http://gaiaglobalwellness.com/index.php/contacts/,(415) 830-4856,(877) 546-0215,N/A,N/A,N/A,N/A,N/A,info@gaiaglobalwellness.com,,,
Gandermountain.com,N/A,888-542-6337,N/A,N/A,N/A,N/A,N/A,N/A,N/A,Contact page not available.,,
Gesundheit-health.com,https://gesundheit-health.com/contactus.sc,281 659-9993,N/A,106 E Dallas St,N/A,Cleveland,TX,77327,gesundheithealth@aol.com,,,
Gnc.com,http://www.gnc.com/helpdesk/index.jsp?display=store&subdisplay=contact,877-462-4700,N/A,N/A,N/A,N/A,N/A,N/A,media@gnc-hq.com,,,
Gradysoutdoors.com,http://www.gradysoutdoors.com/info/contact-us,(864) 226-5283,N/A,3440 Clemson Blvd.,N/A,Anderson,SC ,29621,shopgradys@gmail.com,,,
Gtdist.com,https://www.gtdist.com/contacts/,800-775-5996,800-480-5845,2545 Brockton Drive Ste. 100,N/A,Austin,TX ,78758,sales@gtdist.com,,,
Gunbroker.com,N/A,N/A,N/A,N/A,N/A,N/A,N/A,N/A,N/A,Contact page not available.,,
Gunbuyer.com,http://www.gunbuyer.com/t-contact.aspx,855-318-4867,855-772-5673,N/A,N/A,N/A,N/A,N/A,Sales@GunBuyer.com,,,
Gunpartscorp.com,http://www.gunpartscorp.com/ContactUs.htm,866.686.7424,877.486.7278,226 Williams Ln,N/A,Kingston,NY ,12401,N/A,,,
Gunsmidwest.com,http://gunsmidwest.com/contacts/,913-238-3205,800 880-8662,N/A,N/A,Overland Park,KS  ,66223,Sales@GunsMidwest.com,,,
Healthdesigns.com,http://www.healthdesigns.com/contact-us,888-885-4425,574-226-0340,21412 Protecta Dr.,N/A,Elkhart,IN ,46516,cs@healthdesigns.com,,,
Healthyplanetshopping.com,http://www.healthyplanetshopping.com/help/contact_us,(877) 919-7641,N/A,15100 Woodinville-Redmond Road NE,Suite A-600,Woodinville ,WA ,98072,customerservice@healthyplanetshopping.com,,,
HerbsPro.com,http://www.herbspro.com/contact-us.html,510-324-2900,510-324-5300,1817 Addison Way,N/A,Hayward ,CA,94544,N/A,,,
Hickorypawnandgun.com,http://www.hickorypawnandgun.com/contact-us-hwy/,828-324-5985,N/A,316 US HIGHWAY 70 SW,N/A,HICKORY,NC,28602,N/A,,,
Hihealth.com,http://www.hihealth.com/contacts,800-266-2323,N/A,7428 E Karen Dr,N/A,Scottsdale,AR,85260,customerservice@hihealth.com,,,
Hmherbs.com,http://www.hmherbs.com/contact-us/,866-461-9454,N/A,1140 Battlefield Pkwy.,N/A,Ft. Oglethorpe,GA ,30742,hmherbs1@gmail.com,,,
HouseOfNutrition.com,N/A,866-471-4628,N/A,600 Tuckahoe Road,N/A,Yonkers,N.Y.,10710,info@houseofnutrition.com,Contact page not available.,,
Hyattgunstore.com,http://www.hyattgunstore.com/help.php?section=contactus&mode=update,704-393-7124,704-394-0268,3332 Wilkinson Blvd. ,N/A,Charlotte,NC ,28208,N/A,,,
Idealvitamins.com,https://www.idealvitamins.com/crm.asp?action=contactus,800-385-1788 ,N/A,6800 S.W. 40th ,St. #458,Miami,FL,33155,info@IdealVitamins.com,,,
iHerb.com,N/A,(951) 616-3600,951-616-3601 ,17825 Indian Street,N/A,Moreno Valley,CA ,92551,info@iherb.com,Contact page not available.,,
Indianlakeoutfitters.com,http://indianlakeoutfitters.com/contact-us.aspx,(937)842-1934,(937)842-2121,145 E Lake St in Downtown Lakeview Ohio 43331,PO Box 113,Russells Point,OH ,43348,info@indianlakeoutfitters.com,,,
Ireallylikeguns.com,https://www.ireallylikeguns.com/crm.asp?action=contactus,281-734-3905 ,N/A,N/A,N/A,Missouri City,TX,77459,sales@ireallylikeguns.com,,,
Ironsightsfirearms.com,http://www.ironsightsfirearms.com/contact_us.html,305.517.3859,305.821.6566,8040 NW 95TH STREET SUITE 342 ,N/A,HIALEAH GARDENS,FL,33016,N/A,,,
Islandviewent.com,http://www.islandviewent.com/pages/Contact-Us.html,(805) 256-1547,N/A,2359 Knoll Dr.,N/A,Ventura,CA,N/A,Sales@IslandViewEnt.com,,,
Jlowesguns.com,https://jlowesguns.3dcartstores.com/crm.asp?action=contactus,410-914-8093 ,N/A,1 Kirks Mill Ln,N/A,North East,MD,21901,john@jlowesguns.com,,,
Justgunsstore.com,http://www.justgunsstore.com/storelocator/,(916) 486-4867,N/A,3530 Auburn Boulevard #8,N/A,Sacramento,CA ,95821,N/A,,,
K-var.com,http://www.k-var.com/shop/help.php?section=contactus&mode=update,702 364 8880,702 307 2303,4001 S. Decatur Blvd #37383,N/A,LAS VEGAS,NV,89103,N/A,,,
Lafayetteshooters.com,http://www.lafayetteshooters.com/Contact.aspx,337-988-1193,N/A,3520 Ambassador Caffery Pkwy.,N/A,Lafayette,LA,70503,info@lafayetteshooters.com ,,,
Libertyguns.com,http://libertyguns.com/contact-us/,(770) 693-4370,N/A,2483 Cedarcrest Road #209,N/A,Acworth,GA,30101,N/A,,,
Lipseys.com,http://lipseys.com/contactus.aspx,225-755-1333,225-755-3333 ,7277 Exchequer Drive,N/A,Baton Rouge,LA ,70809,N/A,,,
Livefirearmory.com,https://livefirearmory.3dcartstores.com/crm.asp?action=contactus,719-200-7049,N/A,7702 Barnes Rd,Unit 150 / Store,Colorado Springs,CO,80922,N/A,,,
LuckyVitamin.com,http://www.luckyvitamin.com/t-contact-us,888-635-0474,888-635-6190,555 North Lane,Suite 6050,Conshohocken,PA ,19428 ,N/A,,,
M1surplus.com,http://m1surplus.com/index.php?main_page=contact_us&zenid=0429ca9d261adf08d907e6cdb70a137b,(909)348-2090,N/A,N/A,N/A,N/A,N/A,N/A,N/A,,,
Mackspw.com,http://www.mackspw.com/content--name-Customer-Service,877-622-5779,N/A,N/A,N/A,N/A,N/A,N/A,customerservice@macksprairiewings.com,,,
Manventureoutpost.com,http://www.manventureoutpost.com/pages/Contact-Us.html,(814) 204-2535,N/A,10722 Fairgrounds Rd,Suite 1,Huntingdon,PA,16652,sales@manventureoutpost.com,,,
Mattdtactical.com,http://www.mattdtactical.com/Contact-Us_ep_5.html,571-277-1103,N/A,7835 Richmond Hwy.,N/A,Alexandria,VA,22306,matt@mattdtactical.com,,,
Midwayusa.com,https://www.midwayusa.com/features/contactus,800-243-3220,800-992-8312,N/A,N/A,N/A,N/A,N/A,jobs@midwayusa.com,,,
Mtoholster.com,N/A,N/A,N/A,N/A,N/A,N/A,N/A,,mtoholsters@yahoo.com,Contact page not available.,,
Mynaturalmarket.com,http://www.mynaturalmarket.com/contact_us.html?osCsid=4b5rpt6h16omui9963rq9ffup3,(866) 646-8098,(801) 415 1790,12636 S 125 W,Suite C,Draper,UT,84020,cs@mynaturalmarket.com,,,
Naturalhealthyconcepts.com,http://www.naturalhealthyconcepts.com/contact-us.html,(844)575-7146,(920) 968-0028,310 N Westhill Blvd,N/A,Appleton,WI ,54914 ,N/A,,,
Naturalnutritionals.com,N/A,877-851-2814 ,N/A,N/A,PO Box 550404,Atlanta,GA ,30355,customercare@naturalnutritionals.com,Contact page not available.,,
Netriceuticals.com,https://netriceuticals.com/contact.aspx#sthash.x1KHYW3l.dpbs,888-852-4993,408-847-1154,"3885 S Decatur Blvd, ",Ste #2010,Las Vegas,NV ,89105,info@netriceuticals.com,,,
Netrition.com,http://www1.netrition.com/contact.html,888-817-2411,518-464-0765,25 Corporate Circle,Suite 118,Albany,NY ,12203,N/A,,,
Nourishingfoods.com,http://www.nourishingfoods.com/contactus.html#.VVSBZfAavAk,800.916.7662,N/A,21202 State Highway 249,Ste. 500,Houston,TX ,77070,cs@nourishingfoods.com,,,
Nutraplanet.com,N/A,866 780 3755,N/A,N/A,N/A,N/A,N/A,N/A,N/A,Contact page not available.,,
Nutrisaver.com,http://www.nutrisaver.com/contacting-us#contact,877-333-9339,201-520-0441,"560 55th street, 2nd floor",N/A,West New York,NJ,07093 ,N/A,,,
Nutritionexpress.com,http://www.nutritionexpress.com/Policy/ContactUs,800-754-8000,N/A,2575 West 237th Street,N/A,Torrance,CA ,90505,CustomerCare@NutritionExpress.com,,,
Nutritiongeeks.com,http://www.nutritiongeeks.com/contact-us.asp,800-418-4842,N/A,100 E Hwy 10,N/A,Hawley,MN ,56549,info@nutritiongeeks.com,,,
Opticsplanet.com,http://feedback.opticsplanet.com/,800-504-5897,847-919-3003,3150 Commercial Avenue,N/A,Northbrook,IL,60062,sales@opticsplanet.com,,,
Osagecountyguns.com,http://www.osagecountyguns.com/about/?SID=l0ibrneb1kgbv8udts0mi28507,573-859-6044,314-558-8429 ,148 Pepper Lane,N/A,Belle,MO ,65013,help@osagecountyguns.com,,,
Panteltactical.com,https://www63.instantestore.com/secure/merchant24510/contact_us.cfm?CFID=37400373&CFTOKEN=d074d40620b1f550-520C8E4C-FB3F-7C87-190085FEF8D7C654&jsessionid=d230cdfb035216525387,425-471-9286,425-988-0299,16926 116th AVE SE,N/A,Renton,WA,98058,support@panteltactical.com,,,
Patriotgunsandblades.com,https://www.patriotgunsandblades.com/crm.asp?action=contactus,937-985-5150,N/A,N/A,N/A,Vandalia,OH,45377,N/A,,,
PipingRock.com,https://secure.pipingrock.com/company/contact,800-544-1925,631-885-8057,2120 Smithtown Ave,N/A,Ronkonkoma,NY ,11779,N/A,,,
Pistolaccents.com,https://pistolaccents.3dcartstores.com/crm.asp?action=contactus,914-462-6793 ,N/A,N/A,Po Box 466,Lake Peekskill,NY,10537,sales@pistolaccents.com,,,
Planopawnshop.net,N/A,(972) 424-6911,N/A,1202 Ave. K. ,N/A,Plano,TX ,75074 ,info@planopawnshop.net,Contact page not available.,,
Policeproducts.com,http://www.policeproducts.com/contact_us.php?osCsid=1216d2969e63a5dc4930efd7f1dff79b,800-777-5211,N/A,3290 Arden Road,N/A,Hayward,CA ,94545,ContactUs@PoliceProducts.com,,,
Portnutrition.com,http://portnutrition.com/contactus.aspx,"516-883-3012, 516-883-4764",516-883-2293,24 Main Street,N/A,Port Washington,NY ,11050,sales@portnutrition.com,,,
Predatorarmament.com,http://www.predatorarmament.com/pages/Contact-Info.html,888.722.2129,623.258.4135,N/A,N/A,N/A,N/A,N/A,info@predatorarmament.com,,,
Preworkout.com,http://www.preworkout.com/customer-support/,866-478-4282,N/A,4778 North 300 West,Suite 120,Provo,UT ,84604,support@preworkout.com,,,
Professionalsupplementcenter.com,http://www.professionalsupplementcenter.com/Contact.aspx,(888) 245-5000,N/A,5441 Palmer Crossing Circle,N/A,Sarasota,FL ,34233,mikep@professionalsupplementcenter.com,,,
Pureformulas.com,https://www.pureformulas.com/contact-us,800.383.6008,N/A,11800 NW 102nd Road,Suite #2,Medley,FL ,33178,help@pureformulas.com,,,
Recoilgunworks.com,http://www.recoilgunworks.com/contact_us.php,877.757.2583,N/A,1904 N Shelby,N/A,Salem,IN ,47167,mnantz@recoilgun.com,,,
Riflegear.com,http://www.riflegear.com/t-contact.aspx,(949) 209-6413,(949) 435-7907,18065 Mount Shay St,N/A,Fountain Valley,CA ,92708,info@riflegear.com,,,
Rockwellarms.com,N/A,208.209.7503 ,N/A,225 W Appleway Avenue ,N/A,Coeur d'Alene,ID,83814,sales@rockwellarms.com ,Contact page not available.,,
Rockwellnutrition.com,http://www.rockwellnutrition.com/contact-us,866.757.4500 ,N/A,N/A,N/A,N/A,N/A,N/A,N/A,,,
Rpatrickarms.com,http://rpatrickarms.com/armsdealer/index.php?main_page=contact_us&zenid=9a3c47ddeeaa8cfd1fe0902119536bce,(502)365-1192,N/A,810 Inverness Ave,N/A,Louisville,KY ,40214,N/A,,,
Ryderspublicsafety.com,http://www.ryderspublicsafety.com/contact-us/,303-781-4539,N/A,4131 S Natches Ct Unit A,N/A, Sheridan,CO,80110,info@ryderspublicsafety.com,,,
Sanasana.com,http://www.sanasana.com/index.php/contact-us-sana-sana/,866-462-5706,N/A,N/A,P.O. Box 814735,Hollywood,FL ,33081,customerservice@sanasana.com,,,
Shopdefensor.com,N/A,N/A,N/A,N/A,N/A,N/A,N/A,N/A,N/A,Contact page not available.,,
Sigheadquarters.com,http://sigheadquarters.com/visit_us.html,636-536-6950,N/A,17724 Chesterfield Airport Rd.,N/A,Chesterfield,MO,63005,Sales@sigheadquarters.com,,,
Southernpoliceequipment.com,http://www.southernpoliceequipment.com/contact/default.asp,800-542-5243 ,(804) 323-5067 ,7609 Midlothian Turnpike ,N/A,Richmond,VA ,23235 ,N/A,,,
Specdivetactical.com,N/A,855-214-3483,N/A,N/A,N/A,N/A,N/A,N/A,info@specdivetactical.com,Contact page not available.,,
Spinelifestore.com,N/A,(877) 698-4826,(631) 271-0786,755 New York Avenue Ste 308,N/A,Huntington Village,NY ,11743,customerservice@spinelife.com,,,
Sporter.com,N/A,N/A,N/A,N/A,N/A,N/A,N/A,N/A,N/A,Website not working.,,
Sportsmans-depot.com,http://www.sportsmans-depot.com/pages/Contact-%26-FAQ.html,N/A,N/A,337 Park Ave N.,N/A,Renton,WA ,98057,N/A,,,
Sportsmansfinest.com,http://www.sportsmansfinest.com/contact-us/,512.263.1888,N/A,12434 Fm 2244,N/A,Austin,TX,78738,service@sportsmansfinest.com,,,
Stacsusa.com,N/A,N/A,N/A,N/A,N/A,N/A,N/A,N/A,N/A,Website not working.,,
Supersup.com,http://www.supersup.com/contacts/,(877) 454-3988,N/A,750 S. Michigan St.,N/A,Seattle,WA,98108,N/A,,,
Supervits.com,http://www.supervits.com/ContactUs.aspx,866-271-6852,N/A,8222 GRIFFIN RD,N/A,DAVIE,FL ,33328,info@supervits.com,,,
Supplementclinic.com,http://www.supplementclinic.com/Articles.asp?ID=46,800-691-9009,N/A,208 Vine Street,N/A,Kelso,WA ,98626,cservice@supplementclinic.com,,,
Surplusammo.com,http://www.surplusammo.com/contact/,(253)-691-6636,(253)-267-5159,2335 Hood Street South,N/A,Tacoma,WA ,98402,Surplusammosales@gmail.com,,,
SwansonVitamins.com,http://www.swansonvitamins.com/help/company-information/company-information-faqs/contact-us.html,800-824-4491,800-726-7691,N/A,P.O. Box 2803 ,Fargo,ND ,58108,customercare@swansonvitamins.com,,,
Tacticalcreations.com,https://www.tacticalcreations.com/crm.asp?action=contactus,(319) 472-4094,N/A,301 West 4th St.,N/A,Vinton,IA,52349,info@tacticalcreations.com,,,
Talongungrips.com,http://talongungrips.com/contact-us.html,(970) 879-9600,N/A,N/A,N/A,N/A,N/A,N/A,info@talongrips.com,,,
Taoofherbs.com,http://www.taoofherbs.com/help/contactus.asp,(312) 881-0078,N/A,240 W. 31st Street,N/A,Chicago,IL ,60616,info@taoofherbs.com,,,
Thebetterhealthstore.com,N/A,(877) 876-8247,248-735-0677,42875 Grand River Ave,N/A,Novi,MI ,48375,N/A,,,
Thegreenpharmacy.com,http://www.thegreenpharmacy.com/contact-us/,877-523-9355,910 452-9982 ,803 S. College Road,Suite D,Wilmington,NC ,28403,cs@thegreenpharmacy.com,,,
Tnvitamins.com,http://www.tnvitamins.com/feedback.php,800-645-4446,N/A,N/A,N/A,N/A,N/A,N/A,N/A,,,
Tombstonetactical.com,http://www.tombstonetactical.com/contact/,800-606-0370,928 458-7260,10011 N Metro Pkwy E,N/A,Phoenix,AZ ,85051,sales@tombstonetactical.com,,,
Totaldiscountvitamins.com,http://www.totaldiscountvitamins.com/contact,800-283-2833 ,631-293-3009,120 Rt. 110,Suite 1,Farmingdale,NY , 11735,N/A,,,
Tsswarehouse.com,http://tsswarehouse.com/contact-us/,866-471-4867,N/A,362 North Main Street,N/A,Tooele,UT,84074,N/A,,,
turners.com,http://www.turners.com/info/contact-us,(909) 923-3009,N/A,11738 San Marino Street,Suite A,Rancho Cucamonga,CA ,91730,N/A,,,
Usab2c.com,http://www.usab2c.com/page/contact,(775)888-1378,N/A,N/A,N/A,N/A,N/A,N/A,customerservice@usab2c.com,,,
Valleyrodgun.com,http://www.valleyrodgun.com/index.php?main_page=contact_us&zenid=87905247721bf187be301bb9a2a7b1f4,(559) 292-3474,559-292-3480,2704 Clovis Avenue,N/A,Clovis,CA ,93612,info@valleyrodgun.com,,,
Vitacost.com,N/A,(800) 381-0759,N/A,N/A,N/A,N/A,N/A,N/A,N/A,Contact page not available.,,
Vitadepot.com,N/A,N/A,N/A,N/A,N/A,N/A,N/A,N/A,N/A,Contact page not available.,,
Vitadigest.com,http://www.vitadigest.com/contactus.html,877-848-2168,N/A,20687-2 Amar Rd. Ste.258,N/A,Walnut,CA ,91789,sales@vitadigest.com,,,
Vitaglo.com,http://www.vitaglo.com/contactus.html,315-437-4542,253-679-6807,3990 New Court Ave.,N/A,Syracuse,NY , 13206,sales@vitaglo.com,,,
Vitaliving.com,http://www.vitaliving.com/ContactUs,(888)312-2749,N/A,N/A,P. O. Box 711002,Oak Hill,VA ,20171,N/A,,,
Vitaminmegashop.com,N/A,(888)930-0090 ,N/A,N/A,N/A,N/A,N/A,N/A,N/A,,,
Vitasouth.com,http://www.vitasouth.com/pages/Contact.html,855-445-9544,(512) 354-7527,N/A,P O BOX 761236,San Antonio,TX ,78245,support@vitasouth.com,,,
Walgreens.com,https://www.walgreens.com/mktg/contactus/contact-us-landing.jsp?foot=contact_us,800–925–4733,N/A,1419 Lake Cook Rd.,MS #L390 ,Deerfield,IL ,60015,N/A,,,
Weaponexpo.com,https://weaponexpo.com/contact-form.php,405-657-6970,N/A,N/A,N/A,N/A,N/A,N/A,SALES@WEAPONEXPO.COM,,,
Webvitamins.com,http://www.webvitamins.com/supportrequest.aspx,800.919.9122,860.925.6030,920 River St.,Suite E,Windsor,CT ,06095,customerservice@webvitamins.com,,,
Worldclassnutrition.com,N/A,N/A,N/A,355 Brogdon Road,Suite 205,Suwannee ,GA ,30024,customerservice@worldclassnutrition.com,,,
Yourwaytowellness.com,http://www.yourwaytowellness.com/Articles.asp?ID=256,866-599-6300,N/A,2906 Alternate 19,N/A,Palm Harbor,FL ,34683,N/A,,,
4allvitamins.com,http://www.4allvitamins.com/contact_us.php,888-605-7888,N/A,"4ALL Ventures, LLC",P.O. Box 432,Ballston Spa,NY ,12020,N/A,,,
absolutelythepurest.com,http://www.absolutelythepurest.com/contact_us_multi.asp?storeID=58FA72C67A3D4A83BA7FCE7BF4843E8D,641-472-9815,641-469-3399,104 North Court Street,,Fairfield,IA ,52556,N/A,,,
advancedalternativescenter.com,http://www.advancedalternativescenter.com/articles.asp?id=121,1-205-664-4222,N/A,3590 B Hwy 31 South,Suite 296,Pelham ,AL,35124,N/A,,,
agoodvitamin.com,http://agoodvitamin.com/contact_us,650-572-7100,650-572-7182,1212 W Hillsdale Blvd,Suite G,San Mateo,CA ,94403,admin@agoodvitamin.com,,,
akins.com,N/A,918 663-4137,N/A,7807 East 51st Street,N/A,Tulsa,OK ,74145,akins@akins.com,Contact page not available.,,
allergyresearchgroup.com,http://www.allergyresearchgroup.com/index.php?p=contactus,1-510-263-2000,1-510-263-2100,2300 North Loop Road,N/A,Alameda,CA ,94502,N/A,,,
allnaturalpainrelief.com,http://www.allnaturalpainrelief.com/info_contact_us.html,1-888-567-1912,417-546-6636,265 Anthony Way,N/A,Forsyth,MO ,65653,kelly@allnaturalpainrelief.com,,,
allvitaminsplus.com,http://allvitaminsplus.com/index.php?main_page=contact_us&zenid=8ahoudbtj201ldume29dlskit1,N/A,N/A,19 South Dixie Highway,N/A,Lake Worth,FL ,33460,info@picaflor-azul.com,,,
aloe1.com,http://www.aloe1.com/contact-us/,954 532-0792,N/A,500 S. Cypress Road #4,N/A,Pompano Beach,FL ,33060,N/A,,,
aloelife.com,N/A,619-390-1100,619-258-1373,N/A,P.O. Box 710759,Santee,CA,92072-0759,info@aloelife.com,Contact page not available.,,
apexhealthliving.com,http://www.apexhealthliving.com/default/contacts/,N/A,N/A,N/A,N/A,N/A,N/A,N/A,N/A,,,
askariel.com,http://www.askariel.com/articles.asp?ID=276,949-499-9380,N/A,N/A,N/A,Orange County,CA,N/A,askariel1@gmail.com,,,
atlanticfirearms.com,http://www.atlanticfirearms.com/contact.html,410 352-5183,410 352-3374,10337 Bunting Road,N/A,Bishopville,MD ,21813 ,sales@atlanticfirearms.com,,,
austinmedical.com,http://www.austinmedical.com/contactus.html,708 562-1500,708 562-1744,1900 S Mannheim Rd,N/A,Westchester,Illinois ,60154,austinmedical@yahoo.com,,,
australianscent.com,http://www.australianscent.com/contact,347 583-8578,N/A,500 Main Street FL 2,N/A,Beacon,NY ,12508,info@australianscent.com,,,
backcountry.com,N/A,800 409-4502,N/A,N/A,N/A,N/A,N/A,N/A,info@backcountry.com,Contact page not available.,,
backtotherootsnutrition.com,http://www.backtotherootsnutrition.com/contact-us/,754 600-1028,800.506.9215,15800 Pines Blvd,Suite 346,Pembroke Pines,FL ,33027,backtotherootsnutrition@gmail.com,,,
bayho.com,http://www.bayho.com/info/contact.html,213.283.8099 ,213.884.4606,19127 Breckelle Street,N/A,Rowland Heights,CA ,91748,support@bayho.com,,,
bodycarewarehouse.com,http://bodycarewarehouse.com/contact,415-475-7560,415-475-7570,102 Hamilton Drive,Ste H,Novato,CA,94949,customerservice@bodycarewarehouse.com,,,
bodyenergyclub.com,http://www.bodyenergyclub.com/contacts,604-559-5577,N/A,746 Davie Street,N/A,Vancouver,BC,V6Z 1B6,sales@bodyenergyclub.com,,,
btitactical.com,http://www.btitactical.com/contact-us.html,708-417-1657,815-806-2003,N/A,N/A,Frankfort,IL ,60423,sales@btitactical.com,,,
buyzillion.com,http://www.buyzillion.com/#contact,N/A,N/A,N/A,N/A,N/A,N/A,N/A,N/A,,,
calibersusa.com,http://www.calibersusa.com/info/contact-us,505 797-9715,505-797-9787,4340 Cutler Ave NE,N/A,Albuquerque,NM,87133,sales@calibersusa.com     ,,,
carolinasporting.com,N/A,N/A,N/A,N/A,N/A,N/A,N/A,N/A,N/A,Website not working.,,
cheaperthandirt.com,https://www.cheaperthandirt.com/shopcustcontact.aspx,800-421-8047,N/A,N/A,P.O. Box 162087,Fort Worth,TX ,76161,N/A,,,
choosetobehealthy.com,http://www.choosetobehealthy.com/contact_us.php?osCsid=71c8ac8b21ddc3264c4b1125cf82fb36,866-424-1077 ,N/A,N/A,P.O. Box 125 ,Conasauga,TN ,37316,johnathan@choosetobehealthy.com,,,
clydearmory.com,http://clydearmory.com/contact-us,706 549-1842 ,706 549-3232,4800 Atlanta Hwy,N/A,Bogart,GA ,30622,clydearmoryinc@clydearmory.com,,,
cmchealthstore.com,N/A,N/A,N/A,N/A,N/A,N/A,N/A,N/A,info@cmchealthstore.com,Contact page not available.,,
cogunsales.com,http://www.cogunsales.com/contact-us/,303 565-5035,888 236-2619,N/A,N/A,Northglenn,CO ,80233,sales@cogunsales.com,,,
competitivecyclist.com,http://www.competitivecyclist.com/Store/global/serviceRequest.jsp,888.276.7130,N/A,2607 South 3200 West Valley City ,N/A,N/A,UT ,84119,sales@competitivecyclist.com,,,
covenanthealthproducts.com,https://www.covenanthealthproducts.com/crm.asp?action=contactus,800-627-6518,N/A,123 East Main Street,Suite 104,Brevard,NC,28712,help@covenanthealthproducts.com,,,
czcustom.com,http://czcustom.com/pre-contact-us.aspx,480 969-1311,480 969 9687,1008 South Center St,N/A,Mesa,AZ,85210,angus@czcustom.com,,,
daisynaturesnutrients.com,http://daisynaturesnutrients.com/contact_us.php?osCsid=sdddsss0lhvn4lqoar03fplvl1, 281 430 4252 ,281 430 4251,9307 Haderia Court,N/A,Spring,TX,77379,info@daisynaturesnutrients.com,,,
deguns.net,N/A,402-875-6500,402-875-6525,3101 O Street,N/A,Lincoln,NE ,68510,derek@deguns.net,Contact page not available.,,
delaneygabriel.com,http://www.delaneygabriel.com/contact/,805.969.3600,N/A,533 E. Micheltorena,Ste.102,Santa Barbara,CA,93103,N/A,,,
delmarhealthhut.com,http://delmarhealthhut.com/contact/,518 439-7775,N/A,278 Delaware Avenue Delmar,N/A,N/A,NY ,12054,N/A,,,
desert-gear.com,http://www.desert-gear.com/info.html,928-680-4302,N/A,520 Knobhill Drive,N/A,Lake Havasu City,AZ ,86403,questions@desert-gear.com,,,
directive21.com,http://www.directive21.com/contact/,877-886-3653,N/A,3225 Mcleod Drive,N/A,Las Vegas,NV,89121,Berkeylight@directive21.com,,,
discountvitaminshop.com,http://www.discountvitaminshop.com/contactus.aspx,888 883-8889,N/A,N/A,N/A,N/A,N/A,N/A,info@discountvitaminshop.com,,,
doctorschoicenaturally.com,http://www.doctorschoicenaturally.com/pages/contact-us,866-698-1581,N/A,930 SW William Avenue,N/A,Chehalis,WA ,98532,jone@doctorschoicenaturally.com,,,
doctorsnutrition.com,http://doctorsnutrition.com/store/pc/viewContent.asp?idpage=8,228 897-0070,228 897-9092,721 Cowan Road,N/A,Gulfport,MS ,39507,N/A,,,
dragonherbs.com,http://www.dragonherbs.com/contactus.asp,888 558-6642,310 919-1134,460 S. Robertson,N/A,Los Angeles,CA ,90048,info@dragonherbs.com,,,
drcousensonlinestore.com,http://www.drcousensonlinestore.com/contact_a/251.htm,520-394-2520,N/A,N/A,PO Box 778,Patagonia,AZ ,85624,support@drcousensonlinestore.com,,,
drguberman.com,https://www.drguberman.com/crm.asp?action=contactus,954-722-8086,954-726-6899,7051 West Commercial Blvd,Suite 3-C,Tamarac,FL ,33319,drguberman@drguberman.com,,,
drkalidas.com,http://drkalidas.com/contact_us.html,407-355-9246,407-370-4774,6651 Vineland Road,Suite 150,Orlando,FL ,32819,info@drkalidas.com,,,
drmitchshow.com,http://www.drmitchshow.com/store/pg/5-Contact-Us.aspx,561-674-0555,N/A,1515 S Fed Hwy,Suite 104,Boca Raton,FL ,33432,drmitch@drmitchshow.com,,,
drvita.com,N/A,800 211-4188,N/A,6980 W Warm Springs Rd,Suite 100,Las Vegas,NV ,89113,Service@DrVita.com,Contact page not available.,,
eaglegrips.com,https://eaglegrips.com/contact-us,800 323-6144,N/A,460 Randy Road Carol Stream,N/A,N/A,IL ,60188 ,sales@eaglegrips.com,,,
eaglessonghealth.com,http://www.eaglessonghealth.com/contact_us_multi.asp?storeID=9D5DE4F9EDA749ACA100DBB0EBFF8624,360-682-5270,N/A,12 Front St.,N/A,Coupeville,WA ,98239,N/A,,,
earthfoods.us,http://www.earthfoods.us/contact-us/,215-794-5311,N/A,4950 York Rd Rt. 20 Rt. 202,Buckingham Green,Holicong,PA ,18928,N/A,,,
ebay.com,N/A,N/A,N/A,N/A,N/A,N/A,N/A,N/A,N/A,Need Sign Up,,
eclectusparrot.com,N/A,404-321-4488,404-321-7511,N/A,N/A,N/A,N/A,N/A,N/A,Contact page not available.,,
eco-wellness.net,https://eco-wellness.net/contactus.sc,888-492-5995,N/A,N/A,N/A,N/A,N/A,N/A,N/A,,,
endfatigue.com,http://www.endfatigue.com/contact-us.html,410-573-5389,410-590-3047,7 Benmere Road,N/A,Glen Burnie,Md ,21060,office@endfatigue.com,,,
endtimeswarehouse.com,N/A,N/A,N/A,N/A,N/A,N/A,N/A,N/A,info@endtimeswarehouse.com,Contact page not available.,,
enjoyhealthfoods.com,http://enjoyhealthfoods.com/index.php?main_page=contact_us,205-384-4372,N/A,1608 Hwy 78 East,N/A,Jasper,AL ,35501,customerservice@enjoyhealthfoods.com.,,,
essentialsurvival.org,http://essentialsurvival.org/contact/,800.921.0457,N/A,N/A,N/A,N/A,N/A,N/A,N/A,,,
etsy.com,N/A,N/A,N/A,N/A,N/A,N/A,N/A,N/A,N/A,Contact page not available.,,
evassupplements.com,N/A,N/A,N/A,11 W 8th St.,N/A,New York,NY ,10011,evassupplements@yahoo.com,Contact page not available.,,
evitalhealth.com,http://www.evitalhealth.com/index.cfm/fuseaction/Content.showcontent/contentid/264.html,866.700.0501 ,678-947-9157,104 Colony Park Dr. Ste 800,N/A,Cumming,GA ,30040,support@evitalhealth.com,,,
expressnaturals.com,http://www.expressnaturals.com/Articles.asp?ID=237,800-556-1314,888-642-0262,20325 N. 51st Ave.,Suite 134,Glendale,AZ  ,85308,expresscare@expressnaturals.com,,,
extreme-products.net,http://www.extreme-products.net/contact-us.aspx,503-657-4806,503-657-4807,12310 SE Highway 212,N/A,Clackamas,OR  ,97015,sales@extreme-products.net,,,
fiestapetdeli.com,http://www.fiestapetdeli.com/contacts/,954 971-2500,954 971-2523,2900 West Sample Road ,N/A,Pompano Beach,FL ,33073-3024,sales@fiestapetdeli.com,,,
firearms4u.com,https://www.firearms4u.com/contact-us/,888-549-8802,918-517-3188,9521 B Riverside Parkway #235,N/A,Tulsa,OK ,74137,ffl@firearms4u.com,,,
fitnesslifesupplements.com,https://shop.fitnesslifesupplements.com/contactus.sc,N/A,N/A,4950 N Michigan Ave,N/A,Saginaw ,MI ,48604,"customerservice@fitnesslifesupplements,com",,,
fivestarmilitarysurplus.com,N/A,919-395-4583,N/A,1310 Fairview Road,Suite D,Raleigh,NC ,27608,rlghsngl@yahoo.com,Contact page not available.,,
fnsnutrition.com,http://fnsnutrition.com/contact/,661-735-7058,N/A,N/A,N/A,N/A,N/A,N/A,support@fnsnutrition.com,,,
freshandalive.com,http://www.freshandalive.com/fresh-and-alive-content/contact.htm,386-478-0068,386-957-1903,1205 Williams R,N/A,New Smyrna Beach,FL ,32168 ,service5@freshandalive.com ,,,
fruitfulyield.com,https://www.fruitfulyield.com/contact-fruitfulyield,800-469-5552,N/A,229 W Roosevelt Rd,N/A,Lombard ,IL ,60148,sales@fruitfulyielddirect.com,,,
funkammo.com,http://funkammo.com/pages/contact-us,786 537-4589,N/A,1933 W 76 St,N/A,Hialeah,FL ,N/A,Miamigunsmith@gmail.com,,,
gallowayprecision.com,http://gallowayprecision.com/contact-us/,828 999-9999,N/A,135 Emma'S Grove Rd,N/A,Fletcher,NC,28803,debbie@gallowayprecision.com,,,
gameonsupplements.com,N/A,N/A,N/A,N/A,N/A,N/A,N/A,N/A,N/A,Website not working.,,
genesisvitamins.com,http://www.genesisvitamins.com/contact-us.aspx,(732) 987-9889,N/A,1935 Swarthmore Avenue,N/A,Lakewood,NJ,08701,sales@genesisvitamins.com ,,,
genuineformulas.com,https://www.genuineformulas.com/page/contact,888-930-8695,N/A,28315 N. Rio Mountain Court,N/A,Scottsdale,AR,85262,info@genuineformulas.com,,,
gloriagilbere.com,N/A,(888) 352-8175,N/A,N/A,N/A,N/A,N/A,N/A,healthmatterstore@frontier.com,Contact page not available.,,
gohealthynext.com,http://www.gohealthynext.com/contact-us/,(866) 463-4533,(866) 370-7199,608 N. Garfield Street,N/A,Kennewick,WA ,99336,eileen@gohealthynext.com,,,
gonsteadnutritionals.com,http://gonsteadnutritionals.com/info.html,845 469 3830,845 818 4108,N/A,P.O. Box 538,Sugar Loaf,NY ,10981,DoctorsClinicalNutrients@yahoo.com,,,
goprodroneclub.com,https://goprodroneclub.com/contact-us-advanced.php,N/A,N/A,N/A,N/A,N/A,N/A,N/A,info@goprodroneclub.com,,,
grabagun.com,http://grabagun.com/contacts/,(972) 552-7246,(972) 304-6214,200 E. Beltline Rd,Suite 403,Coppell,TX ,75019,support@grabagun.com,,,
gulfcoastnutrition.com,http://www.gulfcoastnutrition.com/Articles.asp?ID=256,727-754-2900,N/A,2906 Alternate 19,N/A,Palm Harbor,FL ,34683,N/A,,,
gungearusa.com,http://www.gungearusa.com/contactus.html,501-291-1243 ,N/A,14 Shadywood Ct.,N/A,Little Rock,AR ,72223,rtipton@gungearusa.com,,,
gunsincusa.com,http://www.gunsincusa.com/index.php?main_page=contact_us,(678) 757-(4335),N/A,N/A,N/A,N/A,N/A,N/A,info@gunsincusa.com,,,
happybodies.com,https://www.happybodies.com/crm.asp?action=contactus,800-427-7926,N/A,45 Lafayette Road,Suite #200,North Hampton,NH,03862,info@happybodies.com,,,
head2toechange.net,http://www.head2toechange.net/contact/,(256)323-1265,N/A,N/A,N/A,N/A,N/A,N/A,info@head2toechange.org,,,
healthmartvitamins.com,http://www.healthmartvitamins.com/contact_us_multi.asp?storeID=72PNJQKNC5SR2NM700AKHLBD3CHFAX6F,973-467-0525,N/A,780 Morris Tpke.,N/A,Short Hills,NJ ,07078,N/A,,,
healthremedies.com,https://healthremedies.com/contact.html,(800) 385-7863,(941) 371-7667,3392 Magic Oak Lane,N/A,Sarasota ,FL ,34232 ,info@healthremedies.com,,,
heavydutyleathercostore.com,http://www.heavydutyleathercostore.com/contact_us,828-358-0001,N/A,6731 Shady Creek Dr.,N/A,Hickory,NC ,28602,ericw@etwholsters.com,,,
highthreatconcealment.com,http://highthreatconcealment.com/contacts,N/A,N/A,N/A,N/A,N/A,N/A,N/A,N/A,,,
hippocratesstore.org,N/A,877-582-5850,N/A,1466 Hippocrates Way ,N/A,West Palm Beach,FL ,33411,webstore@hippocratesinst.org,Contact page not available.,,
hivizsights.com,http://www.hivizsights.com/contact/,800.589.4315,970.416.1208,620 S Adams Street,N/A,Laramie,WY ,82070,info@hivizsights.com,,,
hogueinc.com,http://www.hogueinc.com/contact,800-(438-4747),805-239-2553,7665 Commercial Wy STE J ,N/A,Henderson,NV ,89011,office@hogueinc.com,,,
horizonhealthshop.com,N/A,888-309-5222,N/A,"1110 W. Butler Rd., Ste. E",N/A,Greenville,SC,29607,N/A,Contact page not available.,,
houseandkitchenappliances.com,http://www.houseandkitchenappliances.com/contact.php,N/A,N/A,N/A,N/A,N/A,N/A,N/A,N/A,,,
ihealthproducts.com,http://www.ihealthproducts.com/scripts/contactUs.asp,(800) 930-6497,N/A,1701 E. Edinger,Suite C-1,Santa Ana,CA ,92705,N/A,,,
inspiredliving.com,http://www.inspiredliving.com/contactus.html,866-875-4386,503-554-0840,N/A,PO Box 388,Dundee,OR ,97115,questions@inspiredliving.com,,,
integrativepsychiatry.net,http://www.integrativepsychiatry.net/contact.html,(800) 385-7863 ,(941) 371-7667,3392 Magic Oak Lane,N/A,Sarasota ,FL ,34232 ,service@integrativepsychiatry.net,,,
ioffer.com,http://www.ioffer.com/info/contact_us,N/A,N/A,N/A,P.O. Box 78191,San Francisco,CA ,94107,N/A,,,
jennifer-dominguez.com,http://jennifer-dominguez.com/,305-761-7175,N/A,N/A,N/A,N/A,N/A,N/A,jenvest44@mac.com ,,,
jonesborohealthfood.com,http://www.jonesborohealthfood.com/contact-us.html,870.932.5301,N/A,1321 Stone Street,N/A,Jonesboro,AR ,72401,jonesborohealthfood@gmail.com,,,
justcufflinks.com,http://www.justcufflinks.com/contact.html,(847) 816-0075,(847) 816-7466,N/A,P. O. Box 5541,Vernon Hills,IL ,60061,N/A,,,
justforhealthshop.com,http://www.justforhealthshop.com/ContactUs.aspx,N/A,N/A,N/A,N/A,N/A,N/A,N/A,N/A,,,
karenlangston.com,N/A,623.252.(4325),N/A,N/A,N/A,N/A,N/A,N/A,karen@iamworthit2.com,Contact page not available.,,
kbtacticalstar.com,https://www.kbtacticalstar.com/index.php?main_page=contact_us&zenid=5de172e37ee6709cff49c201efdade60,N/A,N/A,N/A,N/A,N/A,N/A,N/A,N/A,,,
kcloakusa.com,N/A,N/A,N/A,N/A,N/A,N/A,N/A,N/A,customer_service@kcloakusa.com,Contact page not available.,,
kylesgunshop.com,N/A,513-407-9095,N/A,928 Hempstead Dr.,N/A,Cincinnati,OH ,45231,sales@kylesgunshop.com,Contact page not available.,,
kytexgear.com,http://www.kytexgear.com/contact-us/,(214) 693-1140,N/A,N/A,N/A,N/A,N/A,N/A,jen@kytexgear.com,,,
ladygouldianfinch.com,http://ladygouldianfinch.com/service-contact.php,800.579.7974,N/A,5319 University Drive ,Suite 629,Irvine,CA ,92612,support@ladygouldianfinch.com,,,
lagtactical.com,http://www.lagtactical.com/contact-us/,(775) 636-6532,(775) 636-7730,2325 Dickerson Rd,N/A,Reno,NV ,89503,evan@lagtactical.com,,,
lasermax.com,http://www.lasermax.com/Service/Questions.aspx,800.527.3703,585.272.5427,3495 Winton Place,Bldg. B,Rochester,NY ,14623,customerservice@lasermax.com,,,
lassens.com,http://www.lassens.com/contact_us_multi.asp?storeID=V92HGBD7X6SR2LR60G03N0ET9MR4BDF3,(805) 644-6990,N/A,4308 California Ave,N/A,Bakersfield,CA ,93309,N/A,,,
life-sources.com,http://www.life-sources.com/pages/Contact.html,(916) 536-9930,N/A,5006 Sunrise Blvd,Suite 101,Fair Oaks,CA ,95628,info@life-sources.com,,,
londonbridgefirearms.com,http://londonbridgefirearms.com/contact/,(928) 453-0045,(928) 453-0025,1695 Mesquite Ave #100,N/A,Lake Havasu City,AZ ,86403,sales@gunslakehavasu.com,,,
magazineblocks.com,http://www.magazineblocks.com/magento/contacts,N/A,N/A,N/A,N/A,N/A,N/A,N/A,magblocks@gmail.com,,,
magnumboot.com,N/A,N/A,N/A,N/A,N/A,N/A,N/A,N/A,tactical.city@gmail.com,Contact page not available.,,
mariepace.com,http://www.mariepace.com/contact.html,(337)989-0572,(337)989-0573,3522 Kaliste Saloom,N/A,Lafayette,LA ,70508,consultant@mariepace.com,,,
marsvenus.com,http://www.marsvenus.com/john-gray-mars-venus-contact.htm,877-564-6472,415-381-2147,20 Sunnyside Avenue #A 130,N/A,Mill Valley,CA ,94941,N/A,,,
mfiap.com,http://mfiap.com/contact.html,760-728-7079,N/A,2215 Via Dulcea,N/A,Fallbrook,CA ,92028,mfrost@mfiap.com,,,
milehighshooting.mycustomevent.com,http://milehighshooting.com/contact/,877.871.9990,303.254.6572,3731 Monarch St,N/A,Erie,CO,80516,info@milehighshooting.com,,,
militariapress.com,http://www.militariapress.com/CTUS.html,(912) 693-6536,N/A,111 Altamond Williams Lane,N/A,Collins,GA,30421,tom@militariainc.com ,,,
mountainviewmarket.coop,http://mountainviewmarket.coop/info/contact,575- 523-0436,N/A,1300 El Paseo Rd,N/A,Las Cruces,NM,88001,info@mountainviewmarket.coop,,,
mrnutritionbiz.com,N/A,N/A,N/A,N/A,N/A,N/A,N/A,N/A,N/A,Website not working.,,
mrsupps.com,https://www.mrsupps.com/contact.asp,N/A,N/A,N/A,N/A,N/A,N/A,N/A,service@MRSupps.com,,,
murphyspoliceandfire.com,N/A,(508)821-6969,N/A,N/A,PO Box 694,Raynham Center,MA,02768,murphyspoliceandfire@gmail.com,Contact page not available.,,
myhealth-store.com,http://myaccount.myhealth-store.com/mod_contactUs/,845-469-1770,N/A,N/A,N/A,N/A,N/A,N/A,N/A,,,
myvillagegreen.com,http://www.myvillagegreen.com/contacts/,800.869.9159,301.493.4671 ,5415 W. Cedar Lane,N/A,Bethesda,MD ,20814,info@myvillagegreen.com,,,
n101.com,http://www.n101.com/contacts/,866-438-6101,N/A,6252 Romaine St.,N/A,Los Angeles,CA ,90038,service@n101.com,,,
narkguns.com,N/A,855-308-(4867),N/A,N/A,N/A,N/A,N/A,N/A,N/A,Contact page not available.,,
nashbar.com,http://www.nashbar.com/bikes/ContactUs_10053_10052_-1,(877) 688-8600,(304) 683-5635,N/A,PO Box 1455,Crab Orchard,WV,25827,customerservice@bikenashbar.com,,,
nationaldiscountvitamins.com,http://nationaldiscountvitamins.com/contacts/,(888) 884-8845,N/A,N/A,N/A,N/A,N/A,N/A,sales@nationaldiscountvitamins.com,,,
natravita.com,http://natravita.com/contact-us,N/A,N/A,25 SE 2ND AVENUE,N/A,MIAMI ,FL ,33131,info@natravita.com,,,
naturalhealthconsult.com,https://www.naturalhealthconsult.com//contact.html,888 852-4993,408-847-1154,N/A,P.O. Box 95,Gilroy,CA ,95020,nhc@naturalhealthconsult.com,,,
natural-immunogenics.com,http://natural-immunogenics.com/contact.php,888-328-8840,941-702-6101,7504 Pennsylvania Ave,N/A,Sarasota,FL ,34243,sales@natural-immunogenics.com,,,
naturalnews.com,http://www.naturalnews.com/Contact-Us.html,520-232-9300,N/A,N/A,N/A,N/A,N/A,N/A,reply@naturalnews.com,,,
natureshealthshoppe.com,http://www.natureshealthshoppe.com/contact-us.html,800-737-1986,480-821-1863,973 W Elliot Rd,N/A,Chandler,AZ ,85225,natureshealth@qwest.net,,,
naturesthirst.com,https://naturesthirst-com.3dcartstores.com/crm.asp?action=contactus,(877)489-7073,N/A,1801 W. Katella Ave.,Suite A,Anaheim,CA,92804,N/A,,,
naturethirst.com,http://naturethirst.com/index.php/contact,(714)868-6687,(714)276-0212,1801 W. Katella Ave,Ste B,Anaheim,CA,92804,info@naturethirst.com,,,
naturodoc.com,N/A,877-867-4743,N/A,N/A,N/A,N/A,N/A,N/A,info@naturodoc.com,Contact page not available.,,
needs.com,http://www.needs.com/contact,800-634-1380,N/A,3160 Erie Boulevard East,N/A,DeWitt,NY ,13214,N/A,,,
newlifevitamins.com,http://www.newlifevitamins.com/contact-us,888-777-0468,N/A,277 Douglas Ave,Suite 1006,Altamonte Springs,FL ,32714,customerservice@newlifevitamins.com,,,
nsupplements.com,https://herbosecom.freshdesk.com/support/home,800-997-6031,305-921-9821,N/A,N/A,N/A,N/A,N/A,N/A,,,
nutriessential.com,http://www.nutriessential.com/retailer/store_templates/am_custom_page.asp?PageID=301&storeID=7DF1736952024D7D905095869F15FB9C,786 623-4117,718 878-4499,N/A,N/A,N/A,N/A,N/A,support@nutriessential.com,,,
nutritionarsenal.com,http://www.nutritionarsenal.com/ContactUs.aspx,(570) 575-6836,N/A,N/A,PO Box 307,Dunmore,PA ,18512,info@nutritionarsenal.com,,,
nutritiondynamics.com,N/A,800.926.2906,N/A,27227 Katy Freeway,N/A,Katy,TX,77494,Customerservice@NutritionDynamics.com,Contact page not available.,,
nutritionjungle.com,http://www.nutritionjungle.com/contact-us.aspx,(888) 495-3696,N/A,N/A,PO Box 402,LaGrangeville,NY ,12540,N/A,,,
ocfitnesssource.com,http://www.ocfitnesssource.com/contact.html,800-989-2941,714-282-0400,21520 Yorba Linda Blvd,Box G 315,Yorba Linda,CA ,92887,orders@ocfitsource.com,,,
oneresult.com,http://www.oneresult.com/contact-us,800-209-6577,N/A,4813 NW 79th Rd.,N/A,Gainesville ,FL,32653 ,N/A,,,
ourkidsasd.com,http://www.ourkidsasd.com/ourstory/?page_id=14,877-533-7457,216-321-4303,3216 Silsby Rd.,N/A,Cleveland Hts,OH ,44118,info@ourkidsasd.com,,,
painstresscenter.com,http://www.painstresscenter.com/contactus.asp,(210) 614-7246,(210) 614-4336,17579 Frank Madla Rd.,#11,Helotes,TX  ,78023,N/A,,,
palmettostatearmory.com,http://palmettostatearmory.com/index.php/contact-us,803-724-6950,N/A,3760 Fernandina Rd,N/A,Columbia,SC ,29210,info@palmettostatearmory.com,,,
paramount-supplements.com,http://www.paramount-supplements.com/info.html,855-235-6021,N/A,N/A,N/A,San Bernardino,CA,92407,CustomerService@paramount-Supplements.com,,,
pethealthandnutritioncenter.com,http://www.pethealthandnutritioncenter.com/contact-us.html,860-482-8383,N/A,N/A,PO Box 334,Harwinton,CT,06791,N/A,,,
phase5wsi.com,http://phase5wsi.com/support-contacts.html,N/A,N/A,501 Giuseppe Ct,Suite C,Roseville,CA ,95678,sales@phase5wsi.com,,,
pickvitamin.com,http://www.pickvitamin.com/index.php/contacts,N/A,N/A,N/A,"Monterey Park Area,",Los Angeles,CA ,91754,info@pickvitamin.com,,,
professionalbrands.net,http://www.professionalbrands.net/contact-us/,866-471-4634 ,N/A,N/A,N/A,N/A,N/A,N/A,info@professionalbrands.net,,,
promagindustries.com,N/A,N/A,N/A,N/A,N/A,N/A,N/A,N/A,N/A,Website not working.,,
purepharmacy.com,http://www.purepharmacy.com/contact-us/,(604) 732-3010,(604) 732-3011,4198 Dunbar Street,N/A,Vancouver,BC,V6S 2E7,Pure010rx@purepharmacy.com,,,
rakuten.com,http://www.rakuten.com/help/contactus,N/A,N/A,N/A,N/A,N/A,N/A,N/A,N/A,,,
ratworxusa.com,https://www.ratworxusa.com/?q=contact,800-675-6906,800-732-9948,112 East Hitt Street,N/A,Mt. Morris,IL,61054,guns@ratworxusa.com,,,
rawlife.com,https://www.rawlife.com/store/help.php?section=contactus&mode=update,561-283-1707,N/A,N/A,PO Box 16156,West Palm Beach,Fl ,33416,N/A,,,
realsciencerealnutrition.com,http://realsciencerealnutrition.com/cart.php?m=content&page=5,(303) 565-3651,N/A,651 Topeka Way,Suite 500,Castle Rock,CO ,80109,STORE@realsciencerealnutrition.com,,,
redbubble.com,http://www.redbubble.com/contact,N/A,N/A,633 Howard St,N/A,San Francisco,CA,94105 ,N/A,,,
renewalenterprises.com,https://renewalenterprises.co/info.html,800-280-1852,N/A,21113 Johnson St,Suite 130,Pembroke Pines,FL ,33029,CustomerService@renewalenterprises.co,,,
rhythmicbalancenaturals.com,N/A,N/A,N/A,N/A,N/A,N/A,N/A,N/A,N/A,Website not working.,,
rocknffirearms.com,http://rocknffirearms.com/contacts/,817-562-GUNS,N/A,1901 John McCain Rd Suite H,N/A,Colleyville,Tx ,76034,sales@rocknffirearms.com,,,
runningwarehouse.com,http://www.runningwarehouse.com/CustService/contact-us.html,800-606-9598,N/A,181 Suburban Road ,N/A,San Luis Obispo,CA ,93401,info@runningwarehouse.com,,,
salvationhealth.com,https://salvationhealth.3dcartstores.com/crm.asp?action=contactus,813-997-4555,N/A,N/A,PO Box 4,Trilby,FL ,33593 ,carrie@buyallimed.com,,,
scheels.com,http://www.scheels.com/shop/ContactView?catalogId=10051&langId=-1&storeId=10151,701.255.7255 ,N/A,800 Kirkwood Mall ,N/A,Bismarck,ND ,58504 ,N/A,,,
seacoast.com,N/A,800-555-6792,N/A,N/A,N/A,N/A,N/A,N/A,N/A,Contact page not available.,,
secondarmament.com,http://www.secondarmament.com/contact.html,N/A,N/A,N/A,N/A,N/A,N/A,N/A,N/A,,,
sevengrains.com,http://www.sevengrains.com/articles.asp?ID=46,330-633-9999,N/A,92 West Ave,N/A,Tallmadge,OH ,44278,sales@sevengrains.com,,,
sgn80.com,http://www.sgn80.com/shop/contacts/,888-988-3325,N/A,213 Riverside Ct,Suite B,Greer,SC ,29650,N/A,,,
shopfagen.com,http://www.shopfagen.com/catalog/contacts/,(219) 987-6468,N/A,915 South Halleck Street,P.O. Box 662,DeMotte,IN ,46310,N/A,,,
shopqhi.com,N/A,903.939.2069,N/A,N/A,N/A,N/A,N/A,N/A,orders@qhiwellness.com ,Contact page not available.,,
shopthevitaminstore.com,http://www.shopthevitaminstore.com/contact_us.php,877-744-1521,N/A,N/A,N/A,N/A,N/A,N/A,N/A,,,
sigsauerguns.com,http://www.sigsauerguns.com/contacts/?SID=avlq4p3nkcl7j6spegufjob7s6,573-859-6044,314-558-8429 ,148 Pepper Lane,N/A,Belle,MO ,65013,help@osagecountyguns.com,,,
smhomeopathic.com,http://www.smhomeopathic.com/store/contact-us.html,(310) 395-1131,(310) 395-7861,629 Broadway,N/A,Santa Monica,CA ,90401,N/A,,,
sndonline.com,http://sndonline.com/index.php?route=information/contact,800-888-4008,(262) 650-9988 ,W229 N1680 Westwood Drive,N/A,Waukesha,WI ,53186,N/A,,,
soap.com,http://www.soap.com/about-us/contact-us,800-762-7123,N/A,N/A,P.O. Box 483,Jersey City,NJ ,07303,CustomerCare@soap.com,,,
southernarmstx.com,http://southernarmstx.com/contact.html,(832)-470-1021,N/A,11811 Brownwood Drive,N/A,Magnolia,TX ,77354,troy_mcdaniel@southernarmstx.com,,,
speedsights.com,http://speedsights.com/contact-us,360-531-2673,N/A,46 Village Way,PMB 164,Port Ludlow,WA,98365,info@speedsights.com,,,
spiritualnutrients.com,http://spiritualnutrients.com/contacts/,N/A,N/A,N/A,N/A,N/A,N/A,N/A,info@spiritualnutrients.com,,,
sportsmansguide.com,http://www.sportsmansguide.com/customerservice/contactus,800-882-2962,800-333-6933,411 Farwell Avenue,P.O. Box 239,South St. Paul,MN ,55075,custserv@sportsmansguide.com,,,
sportsmansoutdoorsuperstore.com,https://www.sportsmansoutdoorsuperstore.com/contact_us.cfm,855-755-0523,740-928-5447,N/A,N/A,N/A,N/A,N/A,N/A,,,
sportsupplements.com,https://www.sportsupplements.com/t-contact.aspx,918-615-3624,N/A,7324 Gaston Ave,Suite #124-422,Dallas,TX,75214,Sales@SportSupplements.com,,,
sstactical.co,N/A,N/A,N/A,N/A,N/A,N/A,N/A,N/A,N/A,Website not working.,,
surplusworldonline.com,http://www.surplusworldonline.com/shop/custom.aspx/contact-us/5/,614.475.1111,614.475.7194,2590 Morse Road ,N/A,Columbus,OH ,43231 ,info@surplusworldonline.com,,,
syhstore.com,http://www.syhstore.com/index.php?route=information/contact,,N/A,N/A,N/A,N/A,N/A,N/A,info@supplementyourhealth.com,,,
taairsoft.com,http://www.taairsoft.com/storepage3121097.aspx,405-686-6006,N/A,400 S. Vermont Ave,Suite 125,Oklahoma City,OK ,73108,sales@taairsoft.com,,,
tahomadispensary.com,http://www.tahomadispensary.com/istar.asp?a=30#section2,888-893-6878 ,(206) 812-9978,6839 Fort Dent Way,Suite 125,Tukwila,WA ,98188,mailto:eramos@tahomadispensary.com,,,
thegunshop.com,https://www.thegunshop.com/contact-us,262-925-1001,N/A,1452 Sheridan Road,N/A,Kenosha,WI  ,53140,info@thegunshop.com,,,
thegunstash.com,http://www.thegunstash.com/pages/contact-us,(786) 520-6858,(800) 850-6366,N/A,N/A,N/A,N/A,N/A,N/A,,,
thehealthandbeautyworld.com,https://www.thehealthandbeautyworld.com/contacts/,855-834-4774,N/A,N/A,N/A,N/A,N/A,N/A,info@thehealthandbeautyworld.com,,,
thehealthier.com,N/A,N/A,N/A,N/A,N/A,N/A,N/A,N/A,N/A,Website not working.,,
themedicineman.com,N/A,229.436.0100 ,N/A,2416 Suite 4 Dawson Road ,N/A,Albany,GA ,31707 ,N/A,Contact page not available.,,
themustardseed.us,http://www.themustardseed.us/main/index.php?option=com_contact&view=contact&id=2&Itemid=54,423-623-4091,N/A,331 Cosby Hwy,N/A,Newport,TN,37821,N/A,,,
therawfoodworld.com,http://www.therawfoodworld.com/contact.phtml,866-729-3438,N/A,406 Bryant Circle,Unit E,Ojai,CA,93023,N/A,,,
tooeleshootingsupply.com,http://tooeleshootingsupply.com/contact-us/,(435) 659-3876,N/A,362 North Main Street,N/A,Tooele,UT ,84074,N/A,,,
topgunsupply.com,http://www.topgunsupply.com/contacts,440-729-7273,N/A,8555 Mayfield Rd.,N/A,Chesterland,OH ,44026,contactus@topgunsupply.com,,,
totalhealthnutritioncenter.com,http://www.totalhealthnutritioncenter.com/pages/Contact-Us.html,(919) 781-9994,(919) 781-4451,4505 Fair Meadow Lane,#111-A,Raleigh,NC ,27607,jeff@totalhealthnutritioncenter.com,,,
tropgun.com,http://www.tropgun.com/contact-us/,717-367-5585,717-367-9493,910 North Hanover St.,N/A,Elizabethtown,PA ,17022,info@tropgun.com,,,
truthsilo.com,N/A,N/A,N/A,N/A,N/A,N/A,N/A,N/A,N/A,Website not working. Properly,,
uanutrition.com,http://www.uanutrition.com/Contact.html,509-328-1520,N/A,1902 West Frances Ave,Suite 125 ,Spokane ,WA,99205,Info@uanutrition.com,,,
urbantraveler.org,N/A,N/A,N/A,N/A,N/A,N/A,N/A,N/A,N/A,Website not working.,,
vigshealthfood.myshopify.com,N/A,(208)-746-7044,N/A,922 16th Ave,N/A,Lewiston,ID ,83501 ,vigshealthfood@yahoo.com ,Contact page not available.,,
virtualmediclinic.com,https://www.virtualmediclinic.com/contact-vmc,(844-862-5464),N/A,N/A,N/A,N/A,N/A,N/A,INFO@VMCLINIC.COM,,,
vitabase.com,http://www.vitabase.com/company/contact.aspx,888-559-3802,N/A,880-C Royal Park Drive ,N/A,Monroe,GA ,30656 ,N/A,,,
vitadocs.com,http://shop.vitadocs.com/contact-us1,(888) 908-4548 ,N/A,6930 Paradise rd #2012 ,N/A,Las Vegas ,NV,89119,N/A,,,
vitamindiscountcenter.com,https://www.vitamindiscountcenter.com/crm.asp?action=contactus,877-832-8722 ,N/A,10359 Cross Creek Blvd.,Suite E-F-G,Tampa,FL,33647,N/A,,,
vitaminherbstore.com,http://vitaminherbstore.com/contact-us.aspx,805.441.8130,N/A,237 Town Center West,N/A,Santa Maria,CA,93454,info@vitaminherbstore.com,,,
vitaminlady.com,https://shop.vitaminlady.com/contactus.sc,800-234-7494,309-833-1682,18 West Side Square,N/A,Macomb,IL ,61455 ,customerservice@vitaminlady.com,,,
vitaminmom.com,N/A,(800) 689-2809,N/A,2640 Beaver Ruin Rd.,N/A,Norcross,GA,30071,info@vitaminmom.com,Contact page not available.,,
vitaminpartners.com,http://www.vitaminpartners.com/pages/contact-us,866-586-7488,N/A,1078 Wyoming Avenue,Suite 170,Wyoming,PA ,18644,sales@vitaminpartners.com,,,
vitaminranch.com,N/A,325-347-6040,N/A,605 San Antonio St,N/A,Mason,TX,76856,onlinehelp@vitaminranch.com,Contact page not available.,,
vitaminrite.com,http://www.vitaminrite.com/contact-us.aspx,N/A,N/A,N/A,N/A,N/A,N/A,N/A,N/A,,,
vitaminrn.com,http://www.vitaminrn.com/contact-us.aspx,302-376-1386,N/A,519 Middlesex Drive,N/A,Middletown,DE,19709,info@vitaminrn.com,,,
vitarock.com,N/A,855 735 6536 ,888 639 2815,27 Prince Arthur Avenue,N/A,Toronto,ON,M5R 1B2,info@vitarock.com,Contact page not available.,,
vitasprings.com,http://www.vitasprings.com/info.html#contact,626-579-2668,626-582-8988,2003 N. Tyler Ave.,N/A,South El Monte,CA ,91733 ,vitasprings@hotmail.com,,,
walmart.com,http://help.walmart.com/app/answers/detail/a_id/778/session/L3RpbWUvMTQzMTc0NDA1MS9zaWQvbHNSZExybW0%3D,(800) 966-6546,N/A,850 Cherry Avenue,N/A,San Bruno,CA ,94066,N/A,,,
wellica.com,http://www.wellica.com/pages/Contact-Us.html,361-299-5735,361-299-5845,N/A,PO Box 6355,Corpus Christi,TX ,78466,N/A,,,
wellnesshealth.com,http://wellnesshealth.com/ct.asp,(800) 227-2627,(800) 369-0302,3401 Independence Drive ,Suite 231,Birmingham,AL ,35209,info@wellnesshealth.com,,,
wildbillwholesale.com,http://www.wildbillwholesale.com/contact.html,888-922-5233,(770) 939-2197,5060 N Royal Atlanta Dr.,Suite 23,Tucker,GA ,30084,sales@wildbillwholesale.com,,,
worldhealthhub.com,http://www.worldhealthhub.com/contacts/,N/A,N/A,N/A,N/A,N/A,N/A,N/A,N/A,,,
wrightsnutrients.com,N/A,(727) 848-5140 ,N/A,6630 Us Highway 19,N/A,New Port Richey,FL ,34652,info@wrightsnutrients.com,Contact page not available.,,
xlbody.com,http://www.xlbody.com/contact,(613) 777-8838,N/A,431-26000 US Route 11,N/A,Evans Mills,NY ,13637,xlbody@xlbody.com,,,
xlvita.com,http://www.xlvita.com/contact-us/,424-653-1400,N/A,N/A,N/A,N/A,N/A,N/A,csarda@xlvita.com,,,
xwarriorairsoft.com,http://www.xwarriorairsoft.com/contactx/,402-332-2029,N/A,7429 North 101st ,N/A,ST Omaha,NE,68122,sales@xwarriorairsoft.com,,,
zabiva.com,http://zabiva.com/contact,866-996-1801,N/A,N/A,N/A,N/A,N/A,N/A,support@zabiva.com ,,,
zahal.org,http://www.zahal.org/groups/contact-us,3-973 2428,3-9772540,N/A,P.O.Box 137,Shoham ,IL,80650,mailto:info@zahal.org,,,
zrtgear.com,http://www.zrtgear.com/storepage2659426.aspx,N/A,N/A,N/A,N/A,N/A,N/A,N/A,N/A,,,
2atacticalgear.com,http://www.2atacticalgear.com/Articles.asp?ID=255,N/A,N/A,N/A,N/A,N/A,N/A,N/A,N/A,,,
